base_image,variant,scene,direction,future_ssim,temporal_minus_new,boundary_jump_minus_new,all_decodes_valid
0013,0,0013_v0,left_to_right,0.718374835337597,0.006549312646193961,0.09281063079833984,True
0015,0,0015_v0,left_to_right,0.8079839907999283,0.0020761997461853365,-0.054708242416381836,True
0013,2,0013_v2,right_to_left,0.8228486357301534,0.0019851531348351603,-0.061693668365478516,True
0009,0,0009_v0,left_to_right,0.8360612091268407,0.004054149027075793,-0.14696264266967773,True
0014,1,0014_v1,left_to_right,0.8601775751427873,0.0025056435589715376,-0.06420326232910156,True
0013,0,0013_v0,right_to_left,0.8631907164678467,-0.0068912655065875295,-0.6614851951599121,True
0013,3,0013_v3,right_to_left,0.8727693851486548,-0.005256932028856076,-0.1736593246459961,True
0013,1,0013_v1,right_to_left,0.8781753379137919,-0.004276425955779095,0.29175281524658203,True
0014,3,0014_v3,right_to_left,0.8816314513610398,0.0009985554511566241,0.018857955932617188,True
0014,2,0014_v2,left_to_right,0.8820490502978923,0.001949602567996589,0.010680198669433594,True
0013,2,0013_v2,left_to_right,0.8855716867816644,0.018057493172331185,0.09275388717651367,True
0015,1,0015_v1,left_to_right,0.8878786694805153,-0.003766858627012315,-0.033954620361328125,True
0014,0,0014_v0,left_to_right,0.8891962002455696,0.0066226085843220095,0.062183380126953125,True
0009,0,0009_v0,right_to_left,0.8937326018324941,-0.0046788499119403415,0.07216215133666992,True
0009,2,0009_v2,right_to_left,0.8951952944473227,0.0011114262847690126,0.06588363647460938,True
0009,3,0009_v3,right_to_left,0.9002518475399471,-0.004023718886244199,0.0588984489440918,True
0011,3,0011_v3,right_to_left,0.900378922137123,-0.004455610249219699,-0.053087711334228516,True
0015,3,0015_v3,left_to_right,0.901805657318408,-0.0023835797884683707,-0.13700294494628906,True
0014,0,0014_v0,right_to_left,0.901923629083051,0.0010774410670346124,-0.01908254623413086,True
0013,1,0013_v1,left_to_right,0.9048645264081793,0.0167561688320097,0.0002455711364746094,True
0009,3,0009_v3,left_to_right,0.9089830493961709,0.0016683793572287442,-0.1307368278503418,True
0013,3,0013_v3,left_to_right,0.9134061484475219,0.004716038628905073,0.04253101348876953,True
0012,0,0012_v0,left_to_right,0.9150101232462337,0.009480132472059588,0.08865094184875488,True
0014,1,0014_v1,right_to_left,0.9152826374160163,0.0056271329329813935,0.03619956970214844,True
0012,3,0012_v3,right_to_left,0.9167714782667269,0.005043105713253726,0.035143136978149414,True
0011,2,0011_v2,right_to_left,0.9167823614308263,-0.006401432812115693,0.17974185943603516,True
0012,1,0012_v1,left_to_right,0.9169280647471775,0.012100877846755953,0.1474313735961914,True
0010,1,0010_v1,right_to_left,0.9186492983400508,0.006854532556140991,-0.017220020294189453,True
0015,2,0015_v2,left_to_right,0.9186853082509693,-0.0014029669019407498,-0.08907270431518555,True
0014,2,0014_v2,right_to_left,0.9188973024477924,-0.007877614806902355,-0.03642749786376953,True
0008,2,0008_v2,right_to_left,0.9195597222630286,-0.0014559310997226405,0.12461566925048828,True
0011,1,0011_v1,right_to_left,0.9199378010790634,0.0012603683541370092,0.09910202026367188,True
0014,3,0014_v3,left_to_right,0.9246712481551468,0.005181427432422503,-0.047786712646484375,True
0010,2,0010_v2,right_to_left,0.9254920776540057,0.0017133281482786256,0.036789655685424805,True
0009,2,0009_v2,left_to_right,0.9260228163032923,0.0009476333116151814,-0.17256593704223633,True
0008,0,0008_v0,left_to_right,0.9266399050994658,0.002129895121089298,-0.035897254943847656,True
0008,1,0008_v1,left_to_right,0.9274291007568071,0.002008401897712342,-0.02558279037475586,True
0008,3,0008_v3,left_to_right,0.9285299325753145,0.00021635157381894032,-0.0840611457824707,True
0008,1,0008_v1,right_to_left,0.9302987903132305,0.005577228863088313,0.08108997344970703,True
0012,2,0012_v2,right_to_left,0.9325693096674744,0.001192835860520991,-0.03577756881713867,True
0011,1,0011_v1,left_to_right,0.9329526311295052,-7.179308025173636e-05,-0.1192483901977539,True
0012,0,0012_v0,right_to_left,0.9342561143347226,0.002637822032414805,-0.11004519462585449,True
0008,3,0008_v3,right_to_left,0.9345742372012137,0.007630813548990201,0.12009620666503906,True
0015,0,0015_v0,right_to_left,0.9348937183696057,-0.0032930397108109632,0.09731459617614746,True
0015,1,0015_v1,right_to_left,0.9355778604801243,0.004508603267285638,0.09676122665405273,True
0011,0,0011_v0,right_to_left,0.9378213141966243,-0.0037677830572773185,0.08709287643432617,True
0012,2,0012_v2,left_to_right,0.9440818822134847,0.01215387182158556,0.13646411895751953,True
0012,3,0012_v3,left_to_right,0.9461816718167761,0.009291140411856413,0.04697251319885254,True
0008,2,0008_v2,left_to_right,0.946657718970202,-0.0004556240358147834,-0.0692753791809082,True
0008,0,0008_v0,right_to_left,0.9480846959932326,-0.0009858538007834206,0.06461286544799805,True
0009,1,0009_v1,right_to_left,0.9487544904216517,0.0003787956184169161,0.07433557510375977,True
0015,3,0015_v3,right_to_left,0.9490838620331773,0.006704824035659085,0.08060503005981445,True
0015,2,0015_v2,right_to_left,0.9514248791025962,0.00590996762284024,0.08550238609313965,True
0012,1,0012_v1,right_to_left,0.9514871435894358,0.004413564880246246,-0.03222060203552246,True
0009,1,0009_v1,left_to_right,0.951755308583616,0.0018629201802827788,-0.15883779525756836,True
0011,0,0011_v0,left_to_right,0.9522076925959126,-0.003256734430305386,-0.032489776611328125,True
0011,3,0011_v3,left_to_right,0.9561654229966153,-0.001647595030929816,0.1046152114868164,True
0011,2,0011_v2,left_to_right,0.9593337770216294,-0.0029170285900385062,-0.030153751373291016,True
0010,0,0010_v0,left_to_right,0.959643485694833,0.004986794349177148,0.017632722854614258,True
0010,0,0010_v0,right_to_left,0.9604169634539357,0.005411907173171637,-0.036832571029663086,True
0010,1,0010_v1,left_to_right,0.9610273982308425,-0.004711151730813934,-0.017393112182617188,True
0010,3,0010_v3,left_to_right,0.9632174992824213,-0.004866800267291804,-0.008667707443237305,True
0010,3,0010_v3,right_to_left,0.9646334863747518,0.00368610037304018,0.007086038589477539,True
0010,2,0010_v2,left_to_right,0.973400099253866,-0.004727615190873391,-0.027090787887573242,True
